,LISTA DE PRECIOS,
,Minorista ,
,"Ing. Guillermo Marconi 5641, Munro",
,Tel/Fax (011)  47563090,
,ventas@todofibro.com.ar,
,03/18,
,,
Linea Accesorios,,
Linea Accesorios,,
Codigo,Descripcion,
FIBP1515,cortes sublimables 15x15,"9,00"
FIBP3030,cortes sublimables 30x30,"28,00"
a00,revistero 36x35x20,"116,00"
a70,revistero bibliorato,"79,00"
a01,"porta impuesto c/porta llaves chico 22,5x25x7","71,00"
a02,porta impuesto c/porta llave grande 31x25x7,"90,00"
a69,porta llave p/arte frances,"116,00"
a55,porta impuesto eco,"46,00"
a05,costurero desplegable 13x17x13,"98,00"
a06 B,costurero desplegable30x20x15,"160,00"
a06,costurero con cajon 30x20x16,"220,00"
a07,"costurero singer 22,5x20x12,5","129,00"
a12,porta naipes simple 8x4x11,"28,00"
a13,porta naipes doble 16x4x11,"38,00"
a14,almanaque perpetuo,"121,00"
a03,bases para reloj 26x33,"72,00"
a04 ,base para reloj 26x34 medio punto,"72,00"
a31,porta sahumerio 25x4x5,"46,00"
a31 B,porta sahumerio c/tapa zapato 27x6x6,"27,00"
a04 B,bases de reloj c/azulejo de fibroplus,"75,00"
a67,base reloj de mesa,"33,00"
a99,reloj cucu laser,"88,00"
a101,marco p/reloj c/vidrio 15x15,"84,00"
a105,marco p/reloj c/vidrio 30x30,"146,00"
a20,porta pañuelos descartables 17x6x13,"30,00"
a09,perchero 2 bochas,"102,00"
a10,perchero 3 bochas,"116,00"
a11 B,perchero 4 bochas,"138,00"
a21,perchitas corazon 30 cm x9mm,"30,00"
a22,perchitas ondas  30 cm x9mm,"30,00"
a22 C,porta chalina chica 27x26,"60,00"
a22 D,porta chalina grande 26x35,"72,00"
a23,Neceser con cajón,"332,00"
a29,porta cuentos chico 37x28x6,"94,00"
a30,porta cuentos grandes 37x55x6,"146,00"
a91,porta celular laser,"49,00"
a90,org. p/control remoto laser,"69,00"
a58,paragüero zocalo recto,"222,00"
a37,paragüero calado 21x20x50 5 mm,"212,00"
a39,cubo 20x20x20,"108,00"
a40,cubo 30x30x20,"174,00"
a41,cubo 40x40x20,"218,00"
a41 B,cubo 40x40x40,"299,00"
a71,marco para serviletas decoupage,"36,00"
a92,marco para azulejo,"36,00"
a106 B,marco c/profundidad 10x10 laser,"24,00"
a106,marco c/profundidad 15x15 laser,"56,00"
a107,marco c/profundidad 30x30 laser,"95,00"
a08 A,atril posa plato laser,"30,00"
a86,porta aro circular laser,"57,00"
a86 A,porta aro paz laser,"62,00"
a86 B,porta aro love laser,"62,00"
a86 C,porta aro mariposa laser,"62,00"
a86 D,porta aro corazón,"62,00"
a98,porta collar perchero laser,"91,00"
a11,canasta p/productos 2 div. 25x25x12,"102,00"
a74,canasta para acrilicos,"78,00"
a74 A,porta esmalte c/cajon 21x13x22 alto ,"110,00"
a83,casita de pajaritos,"53,00"
a83 B,casita de pajaritos laser mini,"26,00"
a76b,maceta jardinera,"50,00"
a75,maceta grande 21x21x20 aprox.,"104,00"
a76,"maceta mediana 10,5x10,5x10 aprox.","28,00"
a77,"maceta chica 9,5x9,5x9 aprox.","25,00"
a77 B,"maceta mini 8x8x7,5 aprox.","19,00"
a78,fuente p/maceta ch.35x17x4,"49,00"
a79,fuente p/maceta med.38x18x4,"57,00"
a59,caja para fotos,"212,00"
a42,bolsita c/manija de soga n°2 14x12x6,"30,00"
a50,bolsita c/manija redonda,"17,00"
a51,bolsita c/manija n°1 10x8x4,"25,00"
a52,bolsita c/manija n°3 22x15x8,"38,00"
a53,bolsita c/manija n°4 (revistero),"163,00"
a44,base redonda de 15 cm,"24,00"
a45,base redonde de 20 cm,"25,00"
a46,base redonda de 25 cm,"29,00"
a47,base ovalada 13x20,"26,00"
a56,paleta pintor,"33,00"
a32,cinta para carteles n°1 42 cm,"20,00"
a33,cinta para carteles n°2 29 cm,"15,00"
a34,cinta para carteles n°3 22 cm,"13,00"
a35,cinta para carteles n°4 14 cm,"11,00"
a36,cinta para carteles n°5 10 cm,"9,00"
a87,"bolsa x 100 circulos laser 3,5 cm","193,00"
a88,"bolsa x 20 circulos laser 6,5 cm","115,00"
a88 B,"bolsa x 20 circulos laser 6,5 cm c/agujero","115,00"
a88 C,bolsa x 20 circulos de la paz 6 cm,"115,00"
a89,bolsa x 100 corazones laser varios tamaños,"232,00"
a89 B,bolsa x 100 flores laser 3 cm,"115,00"
a89 C,bolsa cartelitos corazón x 50 unidades,"79,00"
a84,agendita laser,"22,00"
a81,mano para anillos laser,"26,00"
a108,Fibrofacil de 6x8 cm,"5,50"
a109,Fibrofacil de 10x15 cm,"7,00"
a110,Fibrofacil de 15x20 cm,"8,00"
a62,"porta llaves "" llaves "" nº 1  26 X 15    ","33,00"
a62b,"porta llaves "" llaves "" nº 2  26 X 20  ","60,00"
a113,valija p/pintura,"363,00"
,,
Linea de cajoneras,,
,,
Codigo,Descripcion,
a16,"caja alhajero 1 cajon 19,5x6x13","50,00"
a17,"caja alhajero 2 cajones 19,5x10x13","76,00"
a18,"caja alhajero 3 cajones 19,5x15x13","102,00"
a19,"caja alhajero 4 cajones 19,5x19x13","120,00"
a61,alhajero antiguo mini (m),"46,00"
a73,mini org. c/5 cajones 7x8x23,"76,00"
a73B,organizador bijou,"193,00"
a73 A,organizador c/4 cajones,"95,00"
a93,organizador c/12 cajones,"299,00"
a73C,"organizador de 5 cajones laser 41x10,5x9","121,00"
a73D,cajonera de 2 cajones laser 15x20x10,"72,00"
,,
Línea Cajas,,
,,
Codigo,Descripcion,
c00,"caja zapato souvenier 5x5x5,5","13,00"
c01,"caja zapato souvenier 6x6x6,5","14,00"
c03,"caja zapato souvenier 8x8x8,5","18,00"
c02,caja zapato souvenir 6x9x4,"15,00"
c27,"caja moldura souveniers nº1 5x5x3,5","13,00"
c28,"caja moldura souveniers nº2 6x6x4,5","14,00"
c50,"caja hormiga n°1 5x5x3,5","14,00"
c29,caja moldura souveniers nº3 7x7x4 (hormiga),"16,00"
c30,"caja moldura souveniers nº4 7x9x4,5","17,00"
c04,caja zapato souvenier 8x8x4,"16,00"
c05,caja zapato souvenier 11x11x5,"26,00"
c06,caja tipo regalo nº1 13x13x6,"30,00"
c06 A,caja tipo regalo 15x15x7,"35,00"
c07,caja tipo regalo nº2 12x12x12,"36,00"
c08,caja tipo regalo nº3 15x15x15,"46,00"
c09,caja tipo regalo nº4 17x17x17,"57,00"
c10,caja tipo regalo nº5 20x20x20,"66,00"
c11,caja tipo regalo nº6 30x30x30,"182,00"
c12,caja volado 8x8x6,"22,00"
c12 B,caja volado 12x12x12,"42,00"
c13,caja volado 15x15x15,"50,00"
c14,caja volado 17x17x17,"63,00"
c15,caja volado 20x20x20,"78,00"
c56,caja zapato volado 30x30x40,"285,00"
c57,caja zapato volado 30x30x50,"314,00"
c58,caja zapato volado 30x30x30,"208,00"
c59,caja zapato volado 30x20x50,"262,00"
c60,caja zapato volado 40x30x20,"219,00"
c60 A,caja zapato volado 30x30x20,"189,00"
c24 B,caja zocalo rectangular,"35,00"
c24 C,caja zocalo 6x6,"22,00"
c24,"caja zocalo baja 13x9,5x13","37,00"
c17,caja pan dulce con zocalo 22x25x22,"90,00"
c32,caja para foto grande 10x10x11,"33,00"
c31,caja p/foto chica 8x8x9,"24,00"
c31 B,caja p/foto corazon 14x9x9,"48,00"
c33,caja zapato nº1 25x12x7,"40,00"
c34,caja zapato nº2 28x18x9,"48,00"
c35,caja zapato nº3 30x10x20,"64,00"
c40,caja corazon chica,"29,00"
c41,caja corazon grande,"102,00"
c43,cartuchera,"36,00"
c44,cartuchera porta pinceles,"39,00"
c45,caja zapato c/tapa 40x30x30,"263,00"
c46,caja zapato c/tapa 50x30x20,"247,00"
c47,caja zapato c/tapa 50x30x30,"292,00"
c48,caja zapato c/tapa 30x30x20,"167,00"
c49,caja zapato c/tapa 30x40x10,"153,00"
c36,caja zapato c/tapa 30x40x20,"212,00"
c37,"baul 0,60","585,00"
c38,"baul 0,80","804,00"
c39,"baul 1,00","950,00"
c53,caja zapato baja 30x20,"57,00"
c54,caja zapato baja 20x13,"37,00"
c55,caja zapato baja 15x10,"35,00"
c62,caja herraje candado grande,"130,00"
c63,caja herraje candado mediana,"124,00"
c64,caja herraje candado chica,"101,00"
c65,caja con soga 15x10x6,"33,00"
c66,caja para cd unidad,"22,00"
c67,caja porta cd 40x13x15,"125,00"
c68,caja tateti,"26,00"
c69,caja hexagonal grande 7x6,"53,00"
c70,caja hexagonal mediana 5x5,"27,00"
c73,caja hexagonal tapa zapato grande 7x6,"52,00"
c74,caja hexagonal tapa zapato mediana 5x5,"29,00"
c75,"caja hexagonal tapa zapato 9x7,5","60,00"
c76,"caja hexagonal tapa zapato  12x8,5","90,00"
c77,"caja hexagonal tapa zapato  15x9,5","130,00"
c78,caja octogonal rectangular 18x5,"51,00"
c79,caja octogonal rectangular 18x10,"66,00"
c80,caja octogonal c/vidrio frontal,"72,00"
c86,caja 12 lados moldura 8 dm x 5 alto,"37,00"
c87,caja 12 lados moldura 8 dm x 8 alto,"46,00"
c88,caja 12 lados moldura 12 dm x 6 alto,"49,00"
c89,caja 12 lados moldura 12 dm x 11 alto,"55,00"
c90,caja 12 lados moldura 15 dm x 8 alto,"62,00"
c91,caja 12 lados moldura 15 dm x 15 alto,"76,00"
c92,caja 12 lados zapato 8 dm x 5 alto,"33,00"
c93,caja 12 lados zapato 8 dm x 8 alto,"36,00"
c94,caja 12 lados zapato 12 dm x 6 alto,"40,00"
c95,caja 12 lados zapato 12 dm x 11 alto,"50,00"
c96,caja 12 lados zapato 15 dm x 8 alto,"53,00"
c97,caja 12 lados zapato 15 dm x 15 alto,"66,00"
c98,cofre souvenir,"33,00"
c81,"cofre chico 8x11,5","82,00"
c82,cofre mediano 13x17,"127,00"
c83,cofre grande 19x24,"182,00"
c16,alhajero c/vidrio 12x7x8,"49,00"
c19,cajitas p/vela comunion corazon 7x7x11 aprox.,"17,00"
c20,cajitas p/vela comunion cruz 7x7x11 aprox.,"17,00"
c21,cajitas p/vela comunion estrella 7x7x11 aprox.,"17,00"
c22,cajon calado bajito 6x5x5,"17,00"
c22 A,cajon calado bajito 6x5x5 estrella,"17,00"
,,
Línea bandejas,,
,,
Codigo,Descripcion,
co-17,bandeja Neo 18x34x4,"36,00"
co-18,bandeja calada country 22x36x5,"54,00"
co-47,bandeja calada country 45x30,"99,00"
co-49,bandeja calada country arte frances 30x45x6,"219,00"
co-19,bandeja eco 31x41,"56,00"
co-20,bandeja recta para cama c/patas 30x45x21,"121,00"
co-50,bandeja calada corazon c/patas,"124,00"
co-51,bandeja calada corazon s/patas,"87,00"
co-51 A,bandeja corazon 20x20,"37,00"
co-61,bandeja p/1 azulejo de 15x15 (16x16),"29,00"
co-62,bandeja p/2 azulejos de 15x15 (16x31),"37,00"
co-64,"bandeja p/4 azulejos de 15x15 (30,5x30,5)","64,00"
co-75,bandeja c/cajon 35x23,"160,00"
co-27 B,posa fuentes c/ azulejo de fibroplus,"90,00"
,,
Línea cajas de te,,
,,
Codigo,Descripcion,
co-00,"caja de te eco 2 div. 12x14x8,5","50,00"
co-01,"caja de te eco 4 div. 20x14x8,5","69,00"
co-02,"caja de te eco 6 div. 30x20x8,5","102,00"
co-07,caja libro nº5 17x26x9 (te),"77,00"
co-08,caja de te decorativa tapa lisa nº1 18x12x9,"84,00"
co-09,caja de te decorativa tapa lisa nº2 20x20x9,"116,00"
co-10,caja de te decorativa tapa lisa nº3 30x20x9,"138,00"
co-11,caja de te decorativa c/vidrio nº1 18x12x9,"94,00"
co-12,caja de te decorativa c/vidrio nº2 20x20x9,"124,00"
co-13,caja de te decorativa c/vidrio nº3 30x20x9,"142,00"
co-14,caja de te decorativa arte frances nº1 18x12x9,"102,00"
co-15,caja de te decorativa arte frances nº2 20x20x9,"153,00"
co-16,caja de te decorativa arte frances nº3 30x20x9,"189,00"
co-16 B,caja de te decorativa p/azulejo 20x20,"132,00"
co-32,"caja de te c/cajon 6 div 18x22,5x9","153,00"
co-33,caja de te c/cajon 8 div 18x30x9,"175,00"
co-43,caja de te con cajon finita 3 div,"127,00"
co-45,caja zapato c/vidrio eco p/te 18x18x8,"88,00"
co-46,caja zapato c/vidrio eco P/te 20x30x8,"131,00"
,,
Linea accesorios de cocina,,
,,
Codigo,Descripcion,
co-21,porta rollo cerco,"40,00"
co-22,porta rollo de mesa arte frances,"94,00"
co-42,porta rollo flor,"42,00"
co-31,fosforera cerco 14x14,"30,00"
co-23,panera persiana 35x22x25,"202,00"
co-24,servilletero calado,"16,00"
co-24 A,"porta servilleta 18x18x5,5 ","36,00"
co-25,servilletero recto,"16,00"
co-25 B,servilletero tetera,"23,00"
co-25 C,servilletero cupcake,"23,00"
co-25 D,servilletero country,"16,00"
co-25 E,servilletero mis 15,"23,00"
co-25 F,servilletero bautismo,"23,00"
co-54,porta edulcorante / servilletas,"33,00"
co-26,"porta edulcorante 9,5x10,5x10","21,00"
co-27,posa pava 19x16,"27,00"
co-28,yerbera 25x10x20,"102,00"
co-34,expendedora de te simple 9x9x20,"42,00"
co-35,expendedora de te doble 17x9x20,"64,00"
co-36,"expendedora de jugo tang 12,5x12,5x24","79,00"
co-37,conjunto posa vaso 10x10x4,"35,00"
co-38,especiero x4 28x17x7,"114,00"
co-39 A,frutera  grande 24x24,"79,00"
co-39 B,frutera mediana 20x20,"50,00"
co-39 C,frutera chica 16x16,"46,00"
co-52,cuchareros corazon,"60,00"
co-56,cucharero 4 divisiones,"111,00"
co-53,porta bolsa,"102,00"
co-29,tablira picar mini,"17,00"
co-30,"tablita porta llave 14,5x8","20,00"
co-30 B,marquito porta llave 13x9,"42,00"
co-65,plato octogonal giratorio 40 cm,"219,00"
co-66,plata octogonal 40 cm,"143,00"
co-60,plato de sitio,"88,00"
co-67,tetera porta edulcorante,"26,00"
co-67 B,cupcake porta edulcorante,"26,00"
co-72,caja p/ galletitas c/tapa 15x15x15,"88,00"
co-73,caja p/ galletitas c/tapa 11x11x11,"57,00"
co-03,caja libro n°1 5x8x3,"16,00"
co-04,"caja libro n°2 7x9x3,5","21,00"
co-05,caja libro n°3 10x16x5,"31,00"
co-06,caja libro n°4 15x21x5,"49,00"
co-76,porta cubiertos 20 x 15 x 24 alto              ,
,,
,,
Línea Vinos,,
,,
Codigo,Descripcion,
v-05,caja vino eco mini,"21,00"
v-00,"caja vino eco simple 10x10x35,5","40,00"
v-01,caja de vino eco doble 17x10x36,"57,00"
v-04,caja de vino corrediza,"60,00"
,,
Línea Escritorio,,
,,
Codigo,Descripcion,
e-00,lapicero recto 7x7x9,"15,00"
e-02,"lapicero volado 9x9x10,50","17,00"
e-12,lapicero zapatilla 20x14x6,"80,00"
e-03,tapa de carpeta oficio,"37,00"
e-03 A,tapa decarpeta oficio con bisagra,"54,00"
e-04,tapa de carpeta nº3 20x25,"24,00"
e-05,organizador porta tarjeta 17x5x9 (alargado),"29,00"
e-06,organizador con secreter 29x14x13,"140,00"
e-07,porta taco 10x10x4,"16,00"
e-08,porta taco tarjeta y lapiz,"33,00"
e-10,organizador de hojas p/escritorio,"140,00"
e-11,papelero,"116,00"
,,
Linea Portaretratos,,
,,
Codigo,Descripcion,
p-01,porta retrato flor finito 26 cm de alto p/foto de 6 cm,"30,00"
p-04,porta retrato eco recto 9x7,"18,00"
p-05,porta retrato c/ondas 9x7,"26,00"
p-06,porta retrato c/ondas 10x15,"32,00"
p-07,porta retrato c/ondas 13x18,"36,00"
p-08,porta retrato c/ondas 15x21,"48,00"
p-10,porta retrato con vidrio 9x7,"26,00"
p-11,porta retrato con vidrio 10x15,"40,00"
p-12,porta retrato con vidrio 13x18,"46,00"
p-13,porta retrato con vidrio 15x21,"53,00"
p-13 A,porta retrato con vidrio 20x25,"63,00"
p-14,porta retrato con vidrio 20x30,"80,00"
p-34,porta retrato corona grande,"44,00"
p-35,porta retrato corona chico,"26,00"
p-36,porta retrato tren chico,"21,00"
p-37,porta retrato corazon 9x13,"21,00"
p-38,porta retrato cartel publicidad 9x6,"33,00"
p39,porta retrato atril,"36,00"
p40,porta retrato mickey 4x4,"17,00"
p41,porta retrato mickey 7x9,"37,00"
p42,porta retrato minnie 4x4,"17,00"
p43,porta retrato minnie 7x9,"37,00"
,,
Linea Niños,,
,,
Codigo,Descripcion,
n-00,pañalera lisa 27x13x33,"138,00"
n-22,pañalera calada corazon,"146,00"
n-22 A ,pañalera calada mickey,"146,00"
n-22 C,pañalera calada tren,"146,00"
n-02 A,avion chico,"23,00"
n-03,caballo chico 10x10x2,"25,00"
n-05,silla comun de chicos 28x28x55,"138,00"
n-06,silla paula,"219,00"
n-09,escalera 27x33x22,"203,00"
n-13,mesa de niño fibro 50x50,"365,00"
n-19,mesa de 60x60,"394,00"
n-20,mesa redonda de 60cm diametro,"394,00"
n-26,mesa de 50x60,"380,00"
n-27,cartera hada (f),"26,00"
n-28,dresuar,"278,00"
n-10,porta colitas maniqui (25 cm),"30,00"
n-11 B,porta colitas hada brazos,"40,00"
n-18,carrito caballo,"33,00"
n-18 b,carrito helicoptero,"33,00"
n-18 c,carrito jirafa,"33,00"
n-18 d,carrito auto,"33,00"
n-18 e,carrito pato,"33,00"
n-30,perchero tren,"88,00"
n-31,perchero helicoptero,"88,00"
n-32,perchero mariposa,"88,00"
n-33,perchero barco,"88,00"
n-34,perchero casa,"88,00"
n-35,perchero hada,"88,00"
n-35 B,perchero rock,"116,00"
n-35 C,perchero guitarra,"219,00"
n-38,organizador con espejo,"26,00"
n-42,alcancia auto laser,"54,00"
n-43,alcancia tren laser,"54,00"
n-44,alcancia kitty laser,"54,00"
n-45,porta llave rock,"57,00"
n-04,cuna souvenir laser 7x5x6,"20,00"
,,
Linea Casas para muñecas,,
,,
Codigo,Descripcion,
m-4,"casa horizontal 0,90x0,40x0,60 2 amb 38x38 aprox","717,00"
m-9,"casa vertical 0,45x0,40x1,05 2 amb 38x38 aprox","687,00"
m-17,"casa 0,90x0,40x1,05 4 amb 38x38 aprox.","1156,00"
m-18,"casa c/balcon 0,50x0,30x0,75 c/balcon 40 cm ","613,00"
m-34,casa tejas chiquita,"372,00"
m-36,castillo repisa,"467,00"
m-37,fuerte o castillo,"614,00"
m-30,repisa camion para autos de colección,"184,00"
m-35,casa desarmable laser,"931,00"
,,
Linea Muebles para muñecas,,
,,
Codigo,Descripcion,
m-1,mesa redonda de 12 cm de diam c/2 sillas hall,"73,00"
m-2,"cama de 1 pl. 30x11,5x14","43,00"
m-3,"mecedora 6,5x14x7","33,00"
m-5,ropero comun 16x11x29,"138,00"
m-7,mesa ovalada de 20x12x10,"50,00"
m-10,"mesa de luz c/puertas 9x7xd10,5","49,00"
m-11,"sillita barbie 12x6,5x6","20,00"
m-12,"cama de 2 pl 30x23,5x14","73,00"
m-13,cama superpuesta de fibro 31x12x27,"90,00"
m-14,ropero c/barral,"140,00"
m-15,juego de living de 9 mm,"102,00"
m-19,mesa de telefono de 8x10x6,"31,00"
m-20,sillita corazon,"21,00"
m-22,"comoda baiut 18x8,5x12","110,00"
m-24,mecedora mini,"26,00"
m-25,cocina de barbi,"43,00"
m-26,heladera de barbi,"43,00"
m-27,bajo mesada barbi,"48,00"
m-27 B,lavarropa,"48,00"
m-28,cuna barbi,"32,00"
m-29,mesa arrime barbi,"42,00"
m-38,tocador p/barbie laser,"92,00"
m-39,perchero barbie laser,"21,00"
m-40,microondas barbie laser,"28,00"
m-41,modular c/puertas barbie laser,"138,00"
,,
Linea amoblamiento infantil,,
,,
Codigo,Descripcion,
mi-39,heladera p/chicos,"877,00"
mi-40,lavarropa p/ chicos,"607,00"
mi-41,bajo mesada p/chicos,"1367,00"
mi-42,microndas,"293,00"
mi-43,cocina p/chicos,"620,00"
,,
Linea pinturas y adhesivos,,
,,
Codigo,Descripcion,
t1,emilce t -arte europeo 125cc,"49,00"
t8,emilce t -arte europeo 1 lt.,"332,00"
t4,barniz arte europeo el tigre 100 cc,"55,00"
t2,base acrilica blanca el tigre 200cc,"42,00"
t3,base acrilica blanca el tigre 1 lt.,"143,00"
t5,mod podge el tigre 200 cc,"62,00"
t6,barniz diluyente brillante el tigre 200cc,"52,00"
t7,barniz diluyente brillante el tigre 1 lt.,"168,00"
t9,liquido de transferencia el tigre 200cc,"62,00"
,,
Linea cortes laser,,
,,
Codigo,Descripcion,
fl01,mándala 6cm,"24,00"
fl02,mándala 6cm,"24,00"
fl03,mándala 6cm,"24,00"
fl04,mándala 6cm,"24,00"
fl05,mándala 6cm,"24,00"
fl06,mándala 6cm,"24,00"
fl07,mándala 6cm,"24,00"
fl08,mándala 6cm,"24,00"
fl09,mándala 6cm,"24,00"
fl10,mariposa 9cm,"24,00"
fl11,mariposa 9cm,"24,00"
fl12,mariposa 9cm,"24,00"
fl13,mariposa 9cm,"24,00"
fl14,mariposa 9cm,"24,00"
fl15,mariposa 9cm,"24,00"
fl16,mariposa 9cm,"24,00"
fl17,mariposa 9cm,"24,00"
fl18,mariposa 9cm,"24,00"
fl19,mariposa 9cm,"24,00"
fl20,mariposa 9cm,"24,00"
fl21,mariposa 9cm,"24,00"
fl22,mariposa 9cm,"24,00"
fl27,libélula 9cm,"24,00"
fl28,jaula con pájaro 9cm,"24,00"
fl29,jaula con búho 9cm,"24,00"
fl30,candado 9cm,"24,00"
fl31,bicicleta 9cm,"24,00"
fl32,"corazón 6,50cm x7cm","24,00"
fl33,corazón 9cm,"24,00"
fl34,corazon 9ccm,"24,00"
fl35,candado 9cm,"24,00"
fl36,búho de 9cm,"24,00"
fl37,corona de 9cm,"24,00"
fl38,candado corazón 9cm,"24,00"
fl40,mandala sol,"24,00"
fl41,arbol de la vida,"24,00"
fl43,pareja pájaros,"24,00"
fl45,pájaros en rama,"24,00"
fl49,torre eiffel,"24,00"
fl50,reloj,"24,00"
fl51,pareja bici,"24,00"
fl52,niña flor,"24,00"
fl53,tetera calada,"24,00"
fl55,pentagrama,"24,00"
fl56,maquina de cocer,"24,00"
fl42,buho,"24,00"
fl39,buho 3,"24,00"
fl23,buho con base 9cm,"24,00"
fl24,arbol de la vida con base  9cm,"24,00"
fl25,arbol de la vida con base  9cm,"24,00"
fl54,gatos con base,"24,00"
fl26,arbol de la vida con base  9cm,"24,00"
fl44,bicicleta doble,"24,00"
fl45,Pajaros en rama ,"24,00"
fl49,Torre Eiffel ,"24,00"
fl50,Reloj ,"24,00"
fl51,Pareja Bici ,"24,00"
fl52,Niña Flor ,"24,00"
fl53,Tetera Calada ,"24,00"
fl54,Gatos con base ,"24,00"
fl56,Máquina de Coser ,"24,00"
fl58,Mano 1 ,"24,00"
fl59,Mano 2 ,"24,00"
fl60,Calavera ,"24,00"
fl63,Torre Eiffel para armar ,"24,00"
fl65,Figura laser vive rie ama 65 cm,"70,00"
fl66,Figura laser vive rie ama 28 cm ,"61,00"
fl67,Torre eiffel Eco para armar ,"451,00"
fl69,Corazón con flores ,"24,00"
fl71,Bolsita x 10 unidades Mis Quince ,"146,00"
,,
,,
Linea sellos decorativos de silicona,,
,,
Codigo,Descripcion,
s26,sello 3cm champions league,"31,00"
s27,sello 3 cm búho,"31,00"
s20,sello 3 cm queen,"31,00"
s29,sello 3cm postal,"31,00"
s30,sello 3 cm flor,"31,00"
s31,sello 3 cm champions,"31,00"
s32,sello 3 cm made in francé,"31,00"
s33,sello 3 cm búho,"31,00"
s35,sello 3cm mariposa,"31,00"
s36,sello 3 cm cupcake,"31,00"
s42,sello 3 cm mándala,"31,00"
s43,sello 3 cm mándala,"31,00"
s44,sello 3 cm símbolo aborigen,"31,00"
s45,sello 3 cm símbolo aborigen,"31,00"
s48,sello 3 cm pelota fútbol,"31,00"
s01,sello 6 cm botellas soda,"52,00"
s02,sello 6 cm puntos cardinales,"52,00"
s08,sello 6 cm mariposa,"52,00"
s11,sello 6 cm mariposa,"52,00"
s12,sello 6 cm escritura,"52,00"
s14,sello 6 cm búho,"52,00"
s15,sello 6cm búho,"52,00"
s23,sello 6 cm mándala,"52,00"
s24,sello 6 cm mándala,"52,00"
s37,sello 6 cm llave,"52,00"
s38,sello 6 cm llave,"52,00"
s16,sello 10 cm torre Eiffel,"128,00"
s17,sello 10 cm arabesco,"128,00"
s19,sello 10 cm cinta cine,"128,00"
s21,sello 10 cm escrituras,"128,00"
,,
Linea stencils,,
,,
Codigo,Descripción,
st01,stencil pájaro en rama 10x20,"26,00"
st02,stencil  pajaro en jaula love 10x20,"26,00"
st03,stencil london 10x20,"26,00"
st04,stencil italia 10x20,"26,00"
st05,stencil ciudad verde 10x20,"26,00"
st06,stencil hogar 10x20,"26,00"
st07,stencil antique 10x20,"26,00"
st08,stencil máquina de coser 10x20,"26,00"
st09,stencil swett bird 10x20,"26,00"
st10,stencil estrellas 10x20,"26,00"
st11,stencil keep calm and love life 10x20,"26,00"
st12,stencil keep calm and carry on 10x20,"26,00"
st13,stencil gentelmen's style 10x20,"26,00"
st14,stencil Chaplin cuerpo entero 10x20,"26,00"
st15,stencil welcome 10x20,"26,00"
st16,stencil dreams 10x20,"26,00"
st17,stencil kitchen 10x20,"26,00"
st18,stencil sweet 10x20,"26,00"
st19,stencil home 10x20,"26,00"
st49,stencil llaves 10x20,"26,00"
st56,stencil letras cine 10x20,"26,00"
st59,stencil Paris 10x20,"26,00"
st58,stencil corazones 15x15,"33,00"
st20,stencil Elvis perfil 15x15,"33,00"
st21,stencil Elvis frente 15x15,"33,00"
st22,stencil Chaplin 15x15,"33,00"
st23,stencil marilyn 15x15,"33,00"
st24,stencil happy day 15x15,"33,00"
st25,stencil dulce hogar 15x15,"33,00"
st26,stencil love 15x15,"33,00"
st27,stencil reloj romano 15x15,"33,00"
st28,stencil reloj 15x15,"33,00"
st29,stencil tramado rombos 15x15,"33,00"
st30,stencil mix de letras 15x15,"33,00"
st31,stencil cuadraditos 15x15,"33,00"
st32,stencil arabescos 15x15,"33,00"
st33,stencil circulitos 15x15,"33,00"
st50,stencil abc 15x15,"33,00"
st57,stencil pajaro 15x15,"33,00"
st60,stencil pentagrama musical 15x15,"33,00"
st61,stencil semi circulos 15x15,"33,00"
st34,stencil tea times 20x15,"40,00"
st35,stencil in london 20x15,"40,00"
st36,stencil reloj y lapicera 20x15,"40,00"
st63,stencil lineas 20x15,"40,00"
st37,stencil farol 30x20,"64,00"
st38,stencil sillón antiguo 30x20,"64,00"
st39,stencil maniquí 30x20,"64,00"
st40,stencil estrellas 30x20,"64,00"
st41,stencil corazones 30x20,"64,00"
st42,stencil bicicleta ciudad verde 30x20,"64,00"
st43,stencil autos y motos 30x20,"64,00"
st44,stencil bosque 30x20,"64,00"
st51,stencil letras 2 20x30,"64,00"
st45,stencil rosas 30x30,"68,00"
st46,stencil flores 30x30,"68,00"
st47,stencil tramado 30x30,"68,00"
st48,stencil tramado 30x30,"68,00"
st62,stencil 30x30,"68,00"
st52,stencil letras 3 10x20 (4 unidades),"111,00"
st64,stencil refresco vintage 20x30,"64,00"
st65,stencil te amo 20x30,"64,00"
st66,stencil bebe 20x30,"64,00"
st67,stencil numeros 15x15,"33,00"
,,
,,
Linea Candy Bar,,
,,
Codigo,Descripcion,
co-68,porta cupcakes,"189,00"
n-46,vuelta al mundo,"263,00"
B1,carro pochoclero chico,"131,00"
B2,kiosco,"212,00"
B3,barco porta chupetines,"175,00"
B4,carrusel porta chupetines,"189,00"
porcchi,porta conos,"50,00"
B5,camion porta conos y cupcakes,"321,00"
PIR63 ,carro pochoclero grande,"319,00"
A95,porta chupetines cuadrado,"42,00"
B6,bicicleta con carrito 16x11                         ,"102,00"
B7,tubo de ensayo,"9,00"
B8,tubo de ensayo verde,"9,00"
CO-68A,porta torta,"100,00"
,,
Linea sellos decorativos de goma,,
,,
Codigo,Descripcion,
s51,sello goma 4 cm estrella,"29,00"
s52,sello goma 4 cm postal,"29,00"
s53,sello goma 4 cm meditacion,"29,00"
s54,sello goma 6 cm dama caballero,"50,00"
s55,sello goma 6 cm hipocampo,"50,00"
s56,sello goma 6 cm estampilla,"50,00"
s57,sello goma 6 cm reloj gastado,"50,00"
s58,sello goma 6 cm corona,"50,00"
s59,sello goma 6 cm palabra Roma,"50,00"
s60,sello goma 6 cm palabra Londres,"50,00"
s61,sello goma 6 cm frase Paris,"50,00"
s62,sello goma 6 cm buho pirata,"50,00"
s63,sello goma 6 cm buho caballero,"50,00"
s64,sello goma 6 cm buho dama,"50,00"
s65,sello goma 6 cm Torre Pisa,"50,00"
s66,sello goma 6 cm rosa con marco,"50,00"
s67,sello goma 6 cm maquina de escribir,"50,00"
s68,sello goma 10 cm Home sweet Home ,"65,00"
s69,sello goma 10 cm valija,"65,00"
s70,sello goma 10 cm circulos de corazones,"65,00"
s71,sello goma 10 cm Paris,"65,00"
s72,sello goma 10 cm Buenos Aires,"65,00"
s73,sello goma 10 cm Egipto,"65,00"
s74,sello goma 10 cm Coliseo,"65,00"
s75,sello goma 10 cm Roma Coliseo,"65,00"
s76,sello goma 10 cm corazon con arabescos,"65,00"
s77,sello goma 10 cm Peace,"65,00"
s78,sello goma 10 cm mascara Maya,"65,00"
s79,sello goma 10 cm calendario Maya,"65,00"
s80,sello goma 10 cm hoja,"65,00"
s81,sello goma 10 cm helados,"65,00"
s82,sello goma 10 cm engranajes,"65,00"
s83,sello goma 10 cm Budismo,"65,00"
s84,sello goma 10 cm bicicleta,"65,00"
s85,sello goma 10 cm mujeres Vintage,"65,00"
s86,sello goma 10 cm mujer Retro,"65,00"
s87,sello goma 10 cm Zepelin,"65,00"
s88,sello goma 10 cm I love you,"65,00"
s89,sello goma 10 cm mariposa desing,"65,00"
s90,sello goma 10 cm escritura,"65,00"
s91,sello goma 10 cm patron de ladrillos,"65,00"
s115,sello goma kit abecedario simbolos 32 unid,"152,00"
s116,sello goma kit numeros 10 unid,"79,00"
,,
Linea Cajones,,
,,
Codigo,Descripcion,
c99,cajon verdura grande 30x25x20 alto,"127,00"
c100,cajon verdura  mediano 25x20x17 alto,"101,00"
c101,cajon verdura chico 20x15x15 alto,"77,00"
c102,cajon verdura bajo 25x15x10 alto           ,"50,00"
c103,cajon verdura bajo19x11x8 alto,"42,00"
c104,cajon verdura bajo15x9.5x6 alto,"37,00"
c105,cajon verdura bajo 30x18x12 alto,"55,00"
c107,cajon verdura bajo 10x10x7 alto,"26,00"
c108,cajon verdura bajo 15x15x10 alto,"51,00"
c84,porta productos grande 20x30 (recto),"69,00"
c85,porta productos chico 16x23 (recto),"51,00"
c25,"cajon calado para productos grande 23,5x17x17","66,00"
c26,cajon calado para productos mediano 19x12x15,"48,00"
c26 B,cajon calado para productos chico 12x8x10,"29,00"
c26 C,cajon calado para productos mini,"21,00"
,,
Linea Bastidores de Fibrofacil,,
,,
Codigo,Descripcion,
a80,bastidores encastrables 20x20,"36,00"
a80A,bastidor calado laser 40 x40 A                 ,"169,00"
a80B,bastidor calado laser 40 x40 B           ,"169,00"
a80C,bastidor calado laser 40 x40 C                 ,"139,00"
a80D,bastidor calado laser 40 x40 D                 ,"169,00"
a80E,bastidor calado laser 40 x40 E                ,"169,00"
a80F,bastidor calado laser 40 x40 F                ,"169,00"
BAT10,bastidor redondo para tela 10 cm,"34,00"
BAT12,bastidor redondo para tela 12 cm,"40,00"
BAT15,bastidor redondo para tela 15 cm,"50,00"
BAT17,bastidor redondo para tela 17 cm,"60,00"
BAT20,bastidor redondo para tela 20 cm,"72,00"
BAT25,bastidor redondo para tela 25 cm,"81,00"
BAT30,bastidor redondo para tela 30 cm,"114,00"
,,
Linea Navidad,,
,,
Codigo,Descripcion,
st53,stencil arbol navidad 10x20,"24,00"
st54,stencil arbol navidad 2 10x20,"24,00"
st55,stencil bolas de navidad 20x30,"57,00"
st69,stencil feliz navidad 15x20 ,"37,00"
st68,stencil pinos navideños 15x20 ,"37,00"
a15,pinito para armar laser 8x6x6 aprox,"23,00"
fl120,corazon navideño 9 cm,"0,00"
fl121,estrella navideña 9 cm,"0,00"
fl122,pino navideño 9 cm,"0,00"
fl68,adorno navideño 9 cm,"0,00"
FL92,arbol navidad paz y alegria 50 cm ,"142,00"
FL93,arbol navidad paz y amor 30 cm ,"88,00"
FL94,arbol navidad paz y amor 50 cm ,"142,00"
fl61,arbol de navidad peace 30 cm,"88,00"
fl62,arbol de navidad peace 20 cm,"53,00"
fl64,arbol de navidad peace 50 cm,"142,00"
c22b,cajon calado bajito pino navideño ,"18,00"
c22c,cajon calado bajito gorrito navideño ,"18,00"
co-24b,servilletero pinito navideño,"20,00"
co-24c,servilletero country pino navideño ,"20,00"
co-68b,porta pan dulce navideño,"66,00"
,,
Linea Letras Corporeas,,
,,
Codigo,Descripcion,
letc20cmA,letras corporeas A,"46,00"
letc20cmB,letras corporeas B,"46,00"
letc20cmC,letras corporeas C,"46,00"
letc20cmD,letras corporeas D,"46,00"
letc20cmE,letras corporeas E,"46,00"
letc20cmF,letras corporeas F,"46,00"
letc20cmG,letras corporeas G,"46,00"
letc20cmH,letras corporeas H,"46,00"
letc20cmI,letras corporeas I,"46,00"
letc20cmJ,letras corporeas J,"46,00"
letc20cmK,letras corporeas K,"46,00"
letc20cmL,letras corporeas L,"46,00"
letc20cmM,letras corporeas M,"46,00"
letc20cmN,letras corporeas N,"46,00"
letc20cmÑ,letras corporeas Ñ,"46,00"
letc20cmO,letras corporeas O,"46,00"
letc20cmP,letras corporeas P,"46,00"
letc20cmQ,letras corporeas Q,"46,00"
letc20cmR,letras corporeas R,"46,00"
letc20cmS,letras corporeas S,"46,00"
letc20cmT,letras corporeas T,"46,00"
letc20cmU,letras corporeas U,"46,00"
letc20cmV,letras corporeas V,"46,00"
letc20cmW,letras corporeas W,"46,00"
letc20cmX,letras corporeas X,"46,00"
letc20cmY,letras corporeas Y,"46,00"
letc20cmZ,letras corporeas Z,"46,00"
,,
,,
,La empresa se reserva el derecho de cambiar los precios de esta lista sin precio aviso.,
